ticker,datetime,open,high,low,close,volume,vwap,ema9,ema20,day_change_pct,gap_pct,float_m,premarket_volume,relative_volume,above_vwap,catalyst,catalyst_quality,pullback_quality,spider_score,quality,setup_status,entry,stop,target_1r,target_2r,room_to_resistance_r,coach_note,spread_pct,premarket_high,previous_day_high
SPDR,2026-07-20 09:30:00,8.06,8.13,8.03,8.1,759567,8.1,8.1,8.1,0.0,38,9.8,3100000,7.8,True,Major government contract,Strong,Excellent,93,A+,First Pullback Confirmed,8.65,8.46,8.84,9.03,3.4,Highest-quality setup with strong catalyst and clean structure.,0.18,8.74,7.86
SPDR,2026-07-20 09:31:00,8.1,8.21,8.07,8.2,953823,8.15,8.12,8.11,1.2,38,9.8,3100000,7.8,True,Major government contract,Strong,Excellent,93,A+,First Pullback Confirmed,8.65,8.46,8.84,9.03,3.4,Highest-quality setup with strong catalyst and clean structure.,0.18,8.74,7.86
SPDR,2026-07-20 09:32:00,8.2,8.32,8.15,8.31,767903,8.2,8.16,8.13,2.6,38,9.8,3100000,7.8,True,Major government contract,Strong,Excellent,93,A+,First Pullback Confirmed,8.65,8.46,8.84,9.03,3.4,Highest-quality setup with strong catalyst and clean structure.,0.18,8.74,7.86
SPDR,2026-07-20 09:33:00,8.31,8.42,8.24,8.4,864338,8.25,8.21,8.15,3.7,38,9.8,3100000,7.8,True,Major government contract,Strong,Excellent,93,A+,First Pullback Confirmed,8.65,8.46,8.84,9.03,3.4,Highest-quality setup with strong catalyst and clean structure.,0.18,8.74,7.86
SPDR,2026-07-20 09:34:00,8.4,8.47,8.36,8.46,836503,8.29,8.26,8.18,4.4,38,9.8,3100000,7.8,True,Major government contract,Strong,Excellent,93,A+,First Pullback Confirmed,8.65,8.46,8.84,9.03,3.4,Highest-quality setup with strong catalyst and clean structure.,0.18,8.74,7.86
SPDR,2026-07-20 09:35:00,8.46,8.57,8.41,8.54,740022,8.33,8.31,8.22,5.4,38,9.8,3100000,7.8,True,Major government contract,Strong,Excellent,93,A+,First Pullback Confirmed,8.65,8.46,8.84,9.03,3.4,Highest-quality setup with strong catalyst and clean structure.,0.18,8.74,7.86
SPDR,2026-07-20 09:36:00,8.54,8.64,8.48,8.59,648650,8.36,8.37,8.25,6.1,38,9.8,3100000,7.8,True,Major government contract,Strong,Excellent,93,A+,First Pullback Confirmed,8.65,8.46,8.84,9.03,3.4,Highest-quality setup with strong catalyst and clean structure.,0.18,8.74,7.86
SPDR,2026-07-20 09:37:00,8.59,8.74,8.57,8.7,769090,8.4,8.43,8.29,7.4,38,9.8,3100000,7.8,True,Major government contract,Strong,Excellent,93,A+,First Pullback Confirmed,8.65,8.46,8.84,9.03,3.4,Highest-quality setup with strong catalyst and clean structure.,0.18,8.74,7.86
SPDR,2026-07-20 09:38:00,8.7,8.72,8.67,8.71,288228,8.41,8.49,8.33,7.5,38,9.8,3100000,7.8,True,Major government contract,Strong,Excellent,93,A+,First Pullback Confirmed,8.65,8.46,8.84,9.03,3.4,Highest-quality setup with strong catalyst and clean structure.,0.18,8.74,7.86
SPDR,2026-07-20 09:39:00,8.71,8.76,8.58,8.63,220588,8.42,8.52,8.36,6.6,38,9.8,3100000,7.8,True,Major government contract,Strong,Excellent,93,A+,First Pullback Confirmed,8.65,8.46,8.84,9.03,3.4,Highest-quality setup with strong catalyst and clean structure.,0.18,8.74,7.86
SPDR,2026-07-20 09:40:00,8.63,8.65,8.51,8.55,180454,8.42,8.52,8.38,5.6,38,9.8,3100000,7.8,True,Major government contract,Strong,Excellent,93,A+,First Pullback Confirmed,8.65,8.46,8.84,9.03,3.4,Highest-quality setup with strong catalyst and clean structure.,0.18,8.74,7.86
SPDR,2026-07-20 09:41:00,8.55,8.58,8.49,8.52,375420,8.43,8.52,8.39,5.2,38,9.8,3100000,7.8,True,Major government contract,Strong,Excellent,93,A+,First Pullback Confirmed,8.65,8.46,8.84,9.03,3.4,Highest-quality setup with strong catalyst and clean structure.,0.18,8.74,7.86
SPDR,2026-07-20 09:42:00,8.52,8.57,8.46,8.49,277885,8.43,8.52,8.4,4.8,38,9.8,3100000,7.8,True,Major government contract,Strong,Excellent,93,A+,First Pullback Confirmed,8.65,8.46,8.84,9.03,3.4,Highest-quality setup with strong catalyst and clean structure.,0.18,8.74,7.86
SPDR,2026-07-20 09:43:00,8.49,8.59,8.43,8.56,475485,8.44,8.53,8.42,5.7,38,9.8,3100000,7.8,True,Major government contract,Strong,Excellent,93,A+,First Pullback Confirmed,8.65,8.46,8.84,9.03,3.4,Highest-quality setup with strong catalyst and clean structure.,0.18,8.74,7.86
SPDR,2026-07-20 09:44:00,8.56,8.62,8.52,8.59,507439,8.45,8.54,8.43,6.0,38,9.8,3100000,7.8,True,Major government contract,Strong,Excellent,93,A+,First Pullback Confirmed,8.65,8.46,8.84,9.03,3.4,Highest-quality setup with strong catalyst and clean structure.,0.18,8.74,7.86
SPDR,2026-07-20 09:45:00,8.59,8.69,8.57,8.66,518801,8.46,8.56,8.46,6.9,38,9.8,3100000,7.8,True,Major government contract,Strong,Excellent,93,A+,First Pullback Confirmed,8.65,8.46,8.84,9.03,3.4,Highest-quality setup with strong catalyst and clean structure.,0.18,8.74,7.86
SPDR,2026-07-20 09:46:00,8.66,8.78,8.6,8.76,587921,8.48,8.6,8.48,8.1,38,9.8,3100000,7.8,True,Major government contract,Strong,Excellent,93,A+,First Pullback Confirmed,8.65,8.46,8.84,9.03,3.4,Highest-quality setup with strong catalyst and clean structure.,0.18,8.74,7.86
SPDR,2026-07-20 09:47:00,8.76,8.8,8.71,8.76,484653,8.49,8.63,8.51,8.2,38,9.8,3100000,7.8,True,Major government contract,Strong,Excellent,93,A+,First Pullback Confirmed,8.65,8.46,8.84,9.03,3.4,Highest-quality setup with strong catalyst and clean structure.,0.18,8.74,7.86
SPDR,2026-07-20 09:48:00,8.76,8.86,8.73,8.81,580671,8.51,8.67,8.54,8.8,38,9.8,3100000,7.8,True,Major government contract,Strong,Excellent,93,A+,First Pullback Confirmed,8.65,8.46,8.84,9.03,3.4,Highest-quality setup with strong catalyst and clean structure.,0.18,8.74,7.86
SPDR,2026-07-20 09:49:00,8.81,8.82,8.75,8.79,344426,8.52,8.69,8.56,8.5,38,9.8,3100000,7.8,True,Major government contract,Strong,Excellent,93,A+,First Pullback Confirmed,8.65,8.46,8.84,9.03,3.4,Highest-quality setup with strong catalyst and clean structure.,0.18,8.74,7.86
SPDR,2026-07-20 09:50:00,8.79,8.8,8.76,8.8,426407,8.53,8.71,8.59,8.6,38,9.8,3100000,7.8,True,Major government contract,Strong,Excellent,93,A+,First Pullback Confirmed,8.65,8.46,8.84,9.03,3.4,Highest-quality setup with strong catalyst and clean structure.,0.18,8.74,7.86
SPDR,2026-07-20 09:51:00,8.8,8.84,8.7,8.78,433500,8.54,8.73,8.6,8.4,38,9.8,3100000,7.8,True,Major government contract,Strong,Excellent,93,A+,First Pullback Confirmed,8.65,8.46,8.84,9.03,3.4,Highest-quality setup with strong catalyst and clean structure.,0.18,8.74,7.86
SPDR,2026-07-20 09:52:00,8.78,8.86,8.74,8.84,571273,8.55,8.75,8.63,9.1,38,9.8,3100000,7.8,True,Major government contract,Strong,Excellent,93,A+,First Pullback Confirmed,8.65,8.46,8.84,9.03,3.4,Highest-quality setup with strong catalyst and clean structure.,0.18,8.74,7.86
SPDR,2026-07-20 09:53:00,8.84,8.87,8.76,8.79,593056,8.56,8.76,8.64,8.5,38,9.8,3100000,7.8,True,Major government contract,Strong,Excellent,93,A+,First Pullback Confirmed,8.65,8.46,8.84,9.03,3.4,Highest-quality setup with strong catalyst and clean structure.,0.18,8.74,7.86
SPDR,2026-07-20 09:54:00,8.79,8.86,8.77,8.82,511765,8.57,8.77,8.66,8.8,38,9.8,3100000,7.8,True,Major government contract,Strong,Excellent,93,A+,First Pullback Confirmed,8.65,8.46,8.84,9.03,3.4,Highest-quality setup with strong catalyst and clean structure.,0.18,8.74,7.86
SPDR,2026-07-20 09:55:00,8.82,8.87,8.8,8.84,547023,8.58,8.78,8.68,9.1,38,9.8,3100000,7.8,True,Major government contract,Strong,Excellent,93,A+,First Pullback Confirmed,8.65,8.46,8.84,9.03,3.4,Highest-quality setup with strong catalyst and clean structure.,0.18,8.74,7.86
SPDR,2026-07-20 09:56:00,8.84,8.86,8.78,8.84,540045,8.59,8.79,8.69,9.1,38,9.8,3100000,7.8,True,Major government contract,Strong,Excellent,93,A+,First Pullback Confirmed,8.65,8.46,8.84,9.03,3.4,Highest-quality setup with strong catalyst and clean structure.,0.18,8.74,7.86
SPDR,2026-07-20 09:57:00,8.84,8.88,8.71,8.73,507664,8.59,8.78,8.69,7.8,38,9.8,3100000,7.8,True,Major government contract,Strong,Excellent,93,A+,First Pullback Confirmed,8.65,8.46,8.84,9.03,3.4,Highest-quality setup with strong catalyst and clean structure.,0.18,8.74,7.86
SPDR,2026-07-20 09:58:00,8.73,8.73,8.7,8.72,557735,8.6,8.77,8.7,7.6,38,9.8,3100000,7.8,True,Major government contract,Strong,Excellent,93,A+,First Pullback Confirmed,8.65,8.46,8.84,9.03,3.4,Highest-quality setup with strong catalyst and clean structure.,0.18,8.74,7.86
SPDR,2026-07-20 09:59:00,8.72,8.73,8.67,8.73,338405,8.6,8.76,8.7,7.8,38,9.8,3100000,7.8,True,Major government contract,Strong,Excellent,93,A+,First Pullback Confirmed,8.65,8.46,8.84,9.03,3.4,Highest-quality setup with strong catalyst and clean structure.,0.18,8.74,7.86
SPDR,2026-07-20 10:00:00,8.73,8.8,8.71,8.75,601015,8.61,8.76,8.7,8.0,38,9.8,3100000,7.8,True,Major government contract,Strong,Excellent,93,A+,First Pullback Confirmed,8.65,8.46,8.84,9.03,3.4,Highest-quality setup with strong catalyst and clean structure.,0.18,8.74,7.86
SPDR,2026-07-20 10:01:00,8.75,8.78,8.68,8.69,649911,8.61,8.74,8.7,7.2,38,9.8,3100000,7.8,True,Major government contract,Strong,Excellent,93,A+,First Pullback Confirmed,8.65,8.46,8.84,9.03,3.4,Highest-quality setup with strong catalyst and clean structure.,0.18,8.74,7.86
SPDR,2026-07-20 10:02:00,8.69,8.75,8.64,8.68,491512,8.61,8.73,8.7,7.1,38,9.8,3100000,7.8,True,Major government contract,Strong,Excellent,93,A+,First Pullback Confirmed,8.65,8.46,8.84,9.03,3.4,Highest-quality setup with strong catalyst and clean structure.,0.18,8.74,7.86
SPDR,2026-07-20 10:03:00,8.68,8.71,8.63,8.64,634253,8.61,8.71,8.69,6.7,38,9.8,3100000,7.8,True,Major government contract,Strong,Excellent,93,A+,First Pullback Confirmed,8.65,8.46,8.84,9.03,3.4,Highest-quality setup with strong catalyst and clean structure.,0.18,8.74,7.86
SPDR,2026-07-20 10:04:00,8.64,8.67,8.58,8.62,437497,8.61,8.69,8.69,6.4,38,9.8,3100000,7.8,True,Major government contract,Strong,Excellent,93,A+,First Pullback Confirmed,8.65,8.46,8.84,9.03,3.4,Highest-quality setup with strong catalyst and clean structure.,0.18,8.74,7.86
SPDR,2026-07-20 10:05:00,8.62,8.71,8.61,8.68,650735,8.62,8.69,8.69,7.2,38,9.8,3100000,7.8,True,Major government contract,Strong,Excellent,93,A+,First Pullback Confirmed,8.65,8.46,8.84,9.03,3.4,Highest-quality setup with strong catalyst and clean structure.,0.18,8.74,7.86
SPDR,2026-07-20 10:06:00,8.68,8.71,8.6,8.66,521385,8.62,8.68,8.68,6.9,38,9.8,3100000,7.8,True,Major government contract,Strong,Excellent,93,A+,First Pullback Confirmed,8.65,8.46,8.84,9.03,3.4,Highest-quality setup with strong catalyst and clean structure.,0.18,8.74,7.86
SPDR,2026-07-20 10:07:00,8.66,8.69,8.63,8.67,461735,8.62,8.68,8.68,7.0,38,9.8,3100000,7.8,True,Major government contract,Strong,Excellent,93,A+,First Pullback Confirmed,8.65,8.46,8.84,9.03,3.4,Highest-quality setup with strong catalyst and clean structure.,0.18,8.74,7.86
SPDR,2026-07-20 10:08:00,8.67,8.76,8.64,8.72,488808,8.62,8.69,8.69,7.7,38,9.8,3100000,7.8,True,Major government contract,Strong,Excellent,93,A+,First Pullback Confirmed,8.65,8.46,8.84,9.03,3.4,Highest-quality setup with strong catalyst and clean structure.,0.18,8.74,7.86
SPDR,2026-07-20 10:09:00,8.72,8.73,8.69,8.71,692021,8.62,8.69,8.69,7.5,38,9.8,3100000,7.8,True,Major government contract,Strong,Excellent,93,A+,First Pullback Confirmed,8.65,8.46,8.84,9.03,3.4,Highest-quality setup with strong catalyst and clean structure.,0.18,8.74,7.86
NOVA,2026-07-20 09:30:00,5.37,5.42,5.34,5.4,563011,5.4,5.4,5.4,0.0,31,18.2,2200000,5.9,True,Positive clinical update,Strong,Good,87,A+,Pullback Forming,5.71,5.56,5.86,6.01,2.8,Good setup; wait for confirmation and avoid anticipation.,0.22,5.8,5.24
NOVA,2026-07-20 09:31:00,5.4,5.48,5.37,5.44,881042,5.43,5.41,5.4,0.8,31,18.2,2200000,5.9,True,Positive clinical update,Strong,Good,87,A+,Pullback Forming,5.71,5.56,5.86,6.01,2.8,Good setup; wait for confirmation and avoid anticipation.,0.22,5.8,5.24
NOVA,2026-07-20 09:32:00,5.44,5.52,5.41,5.48,578223,5.44,5.42,5.41,1.5,31,18.2,2200000,5.9,True,Positive clinical update,Strong,Good,87,A+,Pullback Forming,5.71,5.56,5.86,6.01,2.8,Good setup; wait for confirmation and avoid anticipation.,0.22,5.8,5.24
NOVA,2026-07-20 09:33:00,5.48,5.56,5.45,5.55,597748,5.47,5.45,5.42,2.9,31,18.2,2200000,5.9,True,Positive clinical update,Strong,Good,87,A+,Pullback Forming,5.71,5.56,5.86,6.01,2.8,Good setup; wait for confirmation and avoid anticipation.,0.22,5.8,5.24
NOVA,2026-07-20 09:34:00,5.55,5.69,5.52,5.66,503430,5.5,5.49,5.45,4.9,31,18.2,2200000,5.9,True,Positive clinical update,Strong,Good,87,A+,Pullback Forming,5.71,5.56,5.86,6.01,2.8,Good setup; wait for confirmation and avoid anticipation.,0.22,5.8,5.24
NOVA,2026-07-20 09:35:00,5.66,5.69,5.64,5.69,756657,5.54,5.53,5.47,5.3,31,18.2,2200000,5.9,True,Positive clinical update,Strong,Good,87,A+,Pullback Forming,5.71,5.56,5.86,6.01,2.8,Good setup; wait for confirmation and avoid anticipation.,0.22,5.8,5.24
NOVA,2026-07-20 09:36:00,5.69,5.77,5.66,5.75,620922,5.57,5.57,5.5,6.5,31,18.2,2200000,5.9,True,Positive clinical update,Strong,Good,87,A+,Pullback Forming,5.71,5.56,5.86,6.01,2.8,Good setup; wait for confirmation and avoid anticipation.,0.22,5.8,5.24
NOVA,2026-07-20 09:37:00,5.75,5.8,5.73,5.8,604243,5.59,5.62,5.53,7.4,31,18.2,2200000,5.9,True,Positive clinical update,Strong,Good,87,A+,Pullback Forming,5.71,5.56,5.86,6.01,2.8,Good setup; wait for confirmation and avoid anticipation.,0.22,5.8,5.24
NOVA,2026-07-20 09:38:00,5.8,5.8,5.68,5.71,296316,5.6,5.64,5.54,5.7,31,18.2,2200000,5.9,True,Positive clinical update,Strong,Good,87,A+,Pullback Forming,5.71,5.56,5.86,6.01,2.8,Good setup; wait for confirmation and avoid anticipation.,0.22,5.8,5.24
NOVA,2026-07-20 09:39:00,5.71,5.73,5.68,5.7,260516,5.6,5.65,5.56,5.5,31,18.2,2200000,5.9,True,Positive clinical update,Strong,Good,87,A+,Pullback Forming,5.71,5.56,5.86,6.01,2.8,Good setup; wait for confirmation and avoid anticipation.,0.22,5.8,5.24
NOVA,2026-07-20 09:40:00,5.7,5.71,5.65,5.66,311724,5.61,5.65,5.57,4.8,31,18.2,2200000,5.9,True,Positive clinical update,Strong,Good,87,A+,Pullback Forming,5.71,5.56,5.86,6.01,2.8,Good setup; wait for confirmation and avoid anticipation.,0.22,5.8,5.24
NOVA,2026-07-20 09:41:00,5.66,5.67,5.6,5.63,320385,5.61,5.65,5.57,4.2,31,18.2,2200000,5.9,True,Positive clinical update,Strong,Good,87,A+,Pullback Forming,5.71,5.56,5.86,6.01,2.8,Good setup; wait for confirmation and avoid anticipation.,0.22,5.8,5.24
NOVA,2026-07-20 09:42:00,5.63,5.67,5.56,5.57,353274,5.61,5.63,5.57,3.2,31,18.2,2200000,5.9,False,Positive clinical update,Strong,Good,87,A+,Pullback Forming,5.71,5.56,5.86,6.01,2.8,Good setup; wait for confirmation and avoid anticipation.,0.22,5.8,5.24
NOVA,2026-07-20 09:43:00,5.57,5.65,5.55,5.63,369214,5.61,5.63,5.58,4.3,31,18.2,2200000,5.9,True,Positive clinical update,Strong,Good,87,A+,Pullback Forming,5.71,5.56,5.86,6.01,2.8,Good setup; wait for confirmation and avoid anticipation.,0.22,5.8,5.24
NOVA,2026-07-20 09:44:00,5.63,5.68,5.6,5.66,511422,5.61,5.64,5.59,4.8,31,18.2,2200000,5.9,True,Positive clinical update,Strong,Good,87,A+,Pullback Forming,5.71,5.56,5.86,6.01,2.8,Good setup; wait for confirmation and avoid anticipation.,0.22,5.8,5.24
NOVA,2026-07-20 09:45:00,5.66,5.72,5.64,5.7,640075,5.62,5.65,5.6,5.5,31,18.2,2200000,5.9,True,Positive clinical update,Strong,Good,87,A+,Pullback Forming,5.71,5.56,5.86,6.01,2.8,Good setup; wait for confirmation and avoid anticipation.,0.22,5.8,5.24
NOVA,2026-07-20 09:46:00,5.7,5.73,5.7,5.71,448024,5.62,5.66,5.61,5.7,31,18.2,2200000,5.9,True,Positive clinical update,Strong,Good,87,A+,Pullback Forming,5.71,5.56,5.86,6.01,2.8,Good setup; wait for confirmation and avoid anticipation.,0.22,5.8,5.24
NOVA,2026-07-20 09:47:00,5.71,5.72,5.7,5.72,464868,5.63,5.67,5.62,5.9,31,18.2,2200000,5.9,True,Positive clinical update,Strong,Good,87,A+,Pullback Forming,5.71,5.56,5.86,6.01,2.8,Good setup; wait for confirmation and avoid anticipation.,0.22,5.8,5.24
NOVA,2026-07-20 09:48:00,5.72,5.84,5.69,5.81,398055,5.63,5.7,5.64,7.5,31,18.2,2200000,5.9,True,Positive clinical update,Strong,Good,87,A+,Pullback Forming,5.71,5.56,5.86,6.01,2.8,Good setup; wait for confirmation and avoid anticipation.,0.22,5.8,5.24
NOVA,2026-07-20 09:49:00,5.81,5.85,5.77,5.84,536393,5.65,5.73,5.66,8.1,31,18.2,2200000,5.9,True,Positive clinical update,Strong,Good,87,A+,Pullback Forming,5.71,5.56,5.86,6.01,2.8,Good setup; wait for confirmation and avoid anticipation.,0.22,5.8,5.24
NOVA,2026-07-20 09:50:00,5.84,5.92,5.81,5.89,523993,5.66,5.76,5.68,9.1,31,18.2,2200000,5.9,True,Positive clinical update,Strong,Good,87,A+,Pullback Forming,5.71,5.56,5.86,6.01,2.8,Good setup; wait for confirmation and avoid anticipation.,0.22,5.8,5.24
NOVA,2026-07-20 09:51:00,5.89,5.97,5.86,5.94,542433,5.67,5.8,5.7,10.0,31,18.2,2200000,5.9,True,Positive clinical update,Strong,Good,87,A+,Pullback Forming,5.71,5.56,5.86,6.01,2.8,Good setup; wait for confirmation and avoid anticipation.,0.22,5.8,5.24
NOVA,2026-07-20 09:52:00,5.94,5.98,5.91,5.97,448838,5.68,5.83,5.73,10.6,31,18.2,2200000,5.9,True,Positive clinical update,Strong,Good,87,A+,Pullback Forming,5.71,5.56,5.86,6.01,2.8,Good setup; wait for confirmation and avoid anticipation.,0.22,5.8,5.24
NOVA,2026-07-20 09:53:00,5.97,6.01,5.95,5.96,505687,5.69,5.86,5.75,10.4,31,18.2,2200000,5.9,True,Positive clinical update,Strong,Good,87,A+,Pullback Forming,5.71,5.56,5.86,6.01,2.8,Good setup; wait for confirmation and avoid anticipation.,0.22,5.8,5.24
NOVA,2026-07-20 09:54:00,5.96,6.02,5.96,5.99,699085,5.71,5.88,5.77,11.0,31,18.2,2200000,5.9,True,Positive clinical update,Strong,Good,87,A+,Pullback Forming,5.71,5.56,5.86,6.01,2.8,Good setup; wait for confirmation and avoid anticipation.,0.22,5.8,5.24
NOVA,2026-07-20 09:55:00,5.99,6.03,5.97,5.99,600259,5.72,5.91,5.79,11.0,31,18.2,2200000,5.9,True,Positive clinical update,Strong,Good,87,A+,Pullback Forming,5.71,5.56,5.86,6.01,2.8,Good setup; wait for confirmation and avoid anticipation.,0.22,5.8,5.24
NOVA,2026-07-20 09:56:00,5.99,6.02,5.98,6.0,546041,5.73,5.92,5.81,11.0,31,18.2,2200000,5.9,True,Positive clinical update,Strong,Good,87,A+,Pullback Forming,5.71,5.56,5.86,6.01,2.8,Good setup; wait for confirmation and avoid anticipation.,0.22,5.8,5.24
NOVA,2026-07-20 09:57:00,6.0,6.03,5.97,6.01,408005,5.74,5.94,5.83,11.2,31,18.2,2200000,5.9,True,Positive clinical update,Strong,Good,87,A+,Pullback Forming,5.71,5.56,5.86,6.01,2.8,Good setup; wait for confirmation and avoid anticipation.,0.22,5.8,5.24
NOVA,2026-07-20 09:58:00,6.01,6.07,5.98,6.05,643561,5.76,5.96,5.85,12.1,31,18.2,2200000,5.9,True,Positive clinical update,Strong,Good,87,A+,Pullback Forming,5.71,5.56,5.86,6.01,2.8,Good setup; wait for confirmation and avoid anticipation.,0.22,5.8,5.24
NOVA,2026-07-20 09:59:00,6.05,6.11,6.03,6.09,679012,5.77,5.99,5.87,12.7,31,18.2,2200000,5.9,True,Positive clinical update,Strong,Good,87,A+,Pullback Forming,5.71,5.56,5.86,6.01,2.8,Good setup; wait for confirmation and avoid anticipation.,0.22,5.8,5.24
NOVA,2026-07-20 10:00:00,6.09,6.12,6.07,6.11,331057,5.78,6.01,5.9,13.1,31,18.2,2200000,5.9,True,Positive clinical update,Strong,Good,87,A+,Pullback Forming,5.71,5.56,5.86,6.01,2.8,Good setup; wait for confirmation and avoid anticipation.,0.22,5.8,5.24
NOVA,2026-07-20 10:01:00,6.11,6.15,6.06,6.1,615352,5.79,6.03,5.92,12.9,31,18.2,2200000,5.9,True,Positive clinical update,Strong,Good,87,A+,Pullback Forming,5.71,5.56,5.86,6.01,2.8,Good setup; wait for confirmation and avoid anticipation.,0.22,5.8,5.24
NOVA,2026-07-20 10:02:00,6.1,6.13,6.03,6.06,542410,5.8,6.03,5.93,12.2,31,18.2,2200000,5.9,True,Positive clinical update,Strong,Good,87,A+,Pullback Forming,5.71,5.56,5.86,6.01,2.8,Good setup; wait for confirmation and avoid anticipation.,0.22,5.8,5.24
NOVA,2026-07-20 10:03:00,6.06,6.12,6.04,6.1,525647,5.81,6.05,5.95,13.0,31,18.2,2200000,5.9,True,Positive clinical update,Strong,Good,87,A+,Pullback Forming,5.71,5.56,5.86,6.01,2.8,Good setup; wait for confirmation and avoid anticipation.,0.22,5.8,5.24
NOVA,2026-07-20 10:04:00,6.1,6.19,6.07,6.14,513920,5.82,6.07,5.96,13.7,31,18.2,2200000,5.9,True,Positive clinical update,Strong,Good,87,A+,Pullback Forming,5.71,5.56,5.86,6.01,2.8,Good setup; wait for confirmation and avoid anticipation.,0.22,5.8,5.24
NOVA,2026-07-20 10:05:00,6.14,6.16,6.13,6.15,686681,5.83,6.08,5.98,13.8,31,18.2,2200000,5.9,True,Positive clinical update,Strong,Good,87,A+,Pullback Forming,5.71,5.56,5.86,6.01,2.8,Good setup; wait for confirmation and avoid anticipation.,0.22,5.8,5.24
NOVA,2026-07-20 10:06:00,6.15,6.21,6.12,6.17,483997,5.84,6.1,6.0,14.3,31,18.2,2200000,5.9,True,Positive clinical update,Strong,Good,87,A+,Pullback Forming,5.71,5.56,5.86,6.01,2.8,Good setup; wait for confirmation and avoid anticipation.,0.22,5.8,5.24
NOVA,2026-07-20 10:07:00,6.17,6.22,6.15,6.21,610860,5.85,6.12,6.02,15.0,31,18.2,2200000,5.9,True,Positive clinical update,Strong,Good,87,A+,Pullback Forming,5.71,5.56,5.86,6.01,2.8,Good setup; wait for confirmation and avoid anticipation.,0.22,5.8,5.24
NOVA,2026-07-20 10:08:00,6.21,6.27,6.19,6.25,497012,5.86,6.15,6.04,15.7,31,18.2,2200000,5.9,True,Positive clinical update,Strong,Good,87,A+,Pullback Forming,5.71,5.56,5.86,6.01,2.8,Good setup; wait for confirmation and avoid anticipation.,0.22,5.8,5.24
NOVA,2026-07-20 10:09:00,6.25,6.32,6.24,6.29,495518,5.87,6.18,6.07,16.5,31,18.2,2200000,5.9,True,Positive clinical update,Strong,Good,87,A+,Pullback Forming,5.71,5.56,5.86,6.01,2.8,Good setup; wait for confirmation and avoid anticipation.,0.22,5.8,5.24
MTRX,2026-07-20 09:30:00,12.14,12.25,12.09,12.2,737404,12.2,12.2,12.2,0.0,26,34.0,1400000,4.2,True,Earnings beat,Strong,Good,81,A,First Pullback Confirmed,13.19,12.88,13.5,13.81,2.3,Good setup; wait for confirmation and avoid anticipation.,0.14,13.32,11.83
MTRX,2026-07-20 09:31:00,12.2,12.35,12.11,12.29,838795,12.25,12.22,12.21,0.7,26,34.0,1400000,4.2,True,Earnings beat,Strong,Good,81,A,First Pullback Confirmed,13.19,12.88,13.5,13.81,2.3,Good setup; wait for confirmation and avoid anticipation.,0.14,13.32,11.83
MTRX,2026-07-20 09:32:00,12.29,12.55,12.28,12.5,808193,12.33,12.27,12.24,2.4,26,34.0,1400000,4.2,True,Earnings beat,Strong,Good,81,A,First Pullback Confirmed,13.19,12.88,13.5,13.81,2.3,Good setup; wait for confirmation and avoid anticipation.,0.14,13.32,11.83
MTRX,2026-07-20 09:33:00,12.5,12.59,12.48,12.59,878195,12.4,12.34,12.27,3.2,26,34.0,1400000,4.2,True,Earnings beat,Strong,Good,81,A,First Pullback Confirmed,13.19,12.88,13.5,13.81,2.3,Good setup; wait for confirmation and avoid anticipation.,0.14,13.32,11.83
MTRX,2026-07-20 09:34:00,12.59,12.85,12.55,12.78,493498,12.45,12.43,12.32,4.8,26,34.0,1400000,4.2,True,Earnings beat,Strong,Good,81,A,First Pullback Confirmed,13.19,12.88,13.5,13.81,2.3,Good setup; wait for confirmation and avoid anticipation.,0.14,13.32,11.83
MTRX,2026-07-20 09:35:00,12.78,13.09,12.75,13.05,845526,12.56,12.55,12.39,6.9,26,34.0,1400000,4.2,True,Earnings beat,Strong,Good,81,A,First Pullback Confirmed,13.19,12.88,13.5,13.81,2.3,Good setup; wait for confirmation and avoid anticipation.,0.14,13.32,11.83
MTRX,2026-07-20 09:36:00,13.05,13.29,12.99,13.18,633103,12.64,12.68,12.46,8.0,26,34.0,1400000,4.2,True,Earnings beat,Strong,Good,81,A,First Pullback Confirmed,13.19,12.88,13.5,13.81,2.3,Good setup; wait for confirmation and avoid anticipation.,0.14,13.32,11.83
MTRX,2026-07-20 09:37:00,13.18,13.32,13.13,13.29,723481,12.72,12.8,12.54,9.0,26,34.0,1400000,4.2,True,Earnings beat,Strong,Good,81,A,First Pullback Confirmed,13.19,12.88,13.5,13.81,2.3,Good setup; wait for confirmation and avoid anticipation.,0.14,13.32,11.83
MTRX,2026-07-20 09:38:00,13.29,13.32,13.17,13.23,230945,12.73,12.89,12.61,8.4,26,34.0,1400000,4.2,True,Earnings beat,Strong,Good,81,A,First Pullback Confirmed,13.19,12.88,13.5,13.81,2.3,Good setup; wait for confirmation and avoid anticipation.,0.14,13.32,11.83
MTRX,2026-07-20 09:39:00,13.23,13.31,13.07,13.15,365085,12.76,12.94,12.66,7.8,26,34.0,1400000,4.2,True,Earnings beat,Strong,Good,81,A,First Pullback Confirmed,13.19,12.88,13.5,13.81,2.3,Good setup; wait for confirmation and avoid anticipation.,0.14,13.32,11.83
MTRX,2026-07-20 09:40:00,13.15,13.19,12.93,13.0,292075,12.77,12.95,12.69,6.5,26,34.0,1400000,4.2,True,Earnings beat,Strong,Good,81,A,First Pullback Confirmed,13.19,12.88,13.5,13.81,2.3,Good setup; wait for confirmation and avoid anticipation.,0.14,13.32,11.83
MTRX,2026-07-20 09:41:00,13.0,13.04,12.91,12.95,222017,12.77,12.95,12.72,6.2,26,34.0,1400000,4.2,True,Earnings beat,Strong,Good,81,A,First Pullback Confirmed,13.19,12.88,13.5,13.81,2.3,Good setup; wait for confirmation and avoid anticipation.,0.14,13.32,11.83
MTRX,2026-07-20 09:42:00,12.95,13.03,12.88,13.02,288525,12.78,12.96,12.75,6.7,26,34.0,1400000,4.2,True,Earnings beat,Strong,Good,81,A,First Pullback Confirmed,13.19,12.88,13.5,13.81,2.3,Good setup; wait for confirmation and avoid anticipation.,0.14,13.32,11.83
MTRX,2026-07-20 09:43:00,13.02,13.16,12.94,13.1,339754,12.8,12.99,12.78,7.4,26,34.0,1400000,4.2,True,Earnings beat,Strong,Good,81,A,First Pullback Confirmed,13.19,12.88,13.5,13.81,2.3,Good setup; wait for confirmation and avoid anticipation.,0.14,13.32,11.83
MTRX,2026-07-20 09:44:00,13.1,13.23,13.05,13.19,560777,12.82,13.03,12.82,8.1,26,34.0,1400000,4.2,True,Earnings beat,Strong,Good,81,A,First Pullback Confirmed,13.19,12.88,13.5,13.81,2.3,Good setup; wait for confirmation and avoid anticipation.,0.14,13.32,11.83
MTRX,2026-07-20 09:45:00,13.19,13.27,13.11,13.22,541881,12.85,13.07,12.86,8.4,26,34.0,1400000,4.2,True,Earnings beat,Strong,Good,81,A,First Pullback Confirmed,13.19,12.88,13.5,13.81,2.3,Good setup; wait for confirmation and avoid anticipation.,0.14,13.32,11.83
MTRX,2026-07-20 09:46:00,13.22,13.37,13.2,13.35,603768,12.88,13.13,12.9,9.5,26,34.0,1400000,4.2,True,Earnings beat,Strong,Good,81,A,First Pullback Confirmed,13.19,12.88,13.5,13.81,2.3,Good setup; wait for confirmation and avoid anticipation.,0.14,13.32,11.83
MTRX,2026-07-20 09:47:00,13.35,13.43,13.35,13.37,660162,12.91,13.18,12.95,9.6,26,34.0,1400000,4.2,True,Earnings beat,Strong,Good,81,A,First Pullback Confirmed,13.19,12.88,13.5,13.81,2.3,Good setup; wait for confirmation and avoid anticipation.,0.14,13.32,11.83
MTRX,2026-07-20 09:48:00,13.37,13.46,13.28,13.39,480095,12.94,13.22,12.99,9.8,26,34.0,1400000,4.2,True,Earnings beat,Strong,Good,81,A,First Pullback Confirmed,13.19,12.88,13.5,13.81,2.3,Good setup; wait for confirmation and avoid anticipation.,0.14,13.32,11.83
MTRX,2026-07-20 09:49:00,13.39,13.64,13.37,13.6,783840,12.98,13.29,13.05,11.4,26,34.0,1400000,4.2,True,Earnings beat,Strong,Good,81,A,First Pullback Confirmed,13.19,12.88,13.5,13.81,2.3,Good setup; wait for confirmation and avoid anticipation.,0.14,13.32,11.83
MTRX,2026-07-20 09:50:00,13.6,13.69,13.5,13.64,452681,13.01,13.36,13.1,11.8,26,34.0,1400000,4.2,True,Earnings beat,Strong,Good,81,A,First Pullback Confirmed,13.19,12.88,13.5,13.81,2.3,Good setup; wait for confirmation and avoid anticipation.,0.14,13.32,11.83
MTRX,2026-07-20 09:51:00,13.64,13.89,13.63,13.83,480181,13.04,13.46,13.17,13.3,26,34.0,1400000,4.2,True,Earnings beat,Strong,Good,81,A,First Pullback Confirmed,13.19,12.88,13.5,13.81,2.3,Good setup; wait for confirmation and avoid anticipation.,0.14,13.32,11.83
MTRX,2026-07-20 09:52:00,13.83,14.14,13.81,14.05,631511,13.09,13.57,13.26,15.2,26,34.0,1400000,4.2,True,Earnings beat,Strong,Good,81,A,First Pullback Confirmed,13.19,12.88,13.5,13.81,2.3,Good setup; wait for confirmation and avoid anticipation.,0.14,13.32,11.83
MTRX,2026-07-20 09:53:00,14.05,14.16,14.03,14.09,467833,13.12,13.68,13.34,15.5,26,34.0,1400000,4.2,True,Earnings beat,Strong,Good,81,A,First Pullback Confirmed,13.19,12.88,13.5,13.81,2.3,Good setup; wait for confirmation and avoid anticipation.,0.14,13.32,11.83
MTRX,2026-07-20 09:54:00,14.09,14.2,14.04,14.16,464241,13.16,13.77,13.42,16.1,26,34.0,1400000,4.2,True,Earnings beat,Strong,Good,81,A,First Pullback Confirmed,13.19,12.88,13.5,13.81,2.3,Good setup; wait for confirmation and avoid anticipation.,0.14,13.32,11.83
MTRX,2026-07-20 09:55:00,14.16,14.37,14.11,14.33,413203,13.19,13.89,13.5,17.5,26,34.0,1400000,4.2,True,Earnings beat,Strong,Good,81,A,First Pullback Confirmed,13.19,12.88,13.5,13.81,2.3,Good setup; wait for confirmation and avoid anticipation.,0.14,13.32,11.83
MTRX,2026-07-20 09:56:00,14.33,14.36,14.28,14.34,611818,13.24,13.98,13.58,17.5,26,34.0,1400000,4.2,True,Earnings beat,Strong,Good,81,A,First Pullback Confirmed,13.19,12.88,13.5,13.81,2.3,Good setup; wait for confirmation and avoid anticipation.,0.14,13.32,11.83
MTRX,2026-07-20 09:57:00,14.34,14.35,14.25,14.31,452404,13.27,14.04,13.65,17.3,26,34.0,1400000,4.2,True,Earnings beat,Strong,Good,81,A,First Pullback Confirmed,13.19,12.88,13.5,13.81,2.3,Good setup; wait for confirmation and avoid anticipation.,0.14,13.32,11.83
MTRX,2026-07-20 09:58:00,14.31,14.34,14.15,14.23,466110,13.3,14.08,13.71,16.6,26,34.0,1400000,4.2,True,Earnings beat,Strong,Good,81,A,First Pullback Confirmed,13.19,12.88,13.5,13.81,2.3,Good setup; wait for confirmation and avoid anticipation.,0.14,13.32,11.83
MTRX,2026-07-20 09:59:00,14.23,14.35,14.19,14.25,560196,13.33,14.11,13.76,16.8,26,34.0,1400000,4.2,True,Earnings beat,Strong,Good,81,A,First Pullback Confirmed,13.19,12.88,13.5,13.81,2.3,Good setup; wait for confirmation and avoid anticipation.,0.14,13.32,11.83
MTRX,2026-07-20 10:00:00,14.25,14.44,14.22,14.39,581118,13.37,14.17,13.82,17.9,26,34.0,1400000,4.2,True,Earnings beat,Strong,Good,81,A,First Pullback Confirmed,13.19,12.88,13.5,13.81,2.3,Good setup; wait for confirmation and avoid anticipation.,0.14,13.32,11.83
MTRX,2026-07-20 10:01:00,14.39,14.54,14.31,14.49,515081,13.4,14.23,13.88,18.7,26,34.0,1400000,4.2,True,Earnings beat,Strong,Good,81,A,First Pullback Confirmed,13.19,12.88,13.5,13.81,2.3,Good setup; wait for confirmation and avoid anticipation.,0.14,13.32,11.83
MTRX,2026-07-20 10:02:00,14.49,14.51,14.38,14.43,525403,13.43,14.27,13.93,18.3,26,34.0,1400000,4.2,True,Earnings beat,Strong,Good,81,A,First Pullback Confirmed,13.19,12.88,13.5,13.81,2.3,Good setup; wait for confirmation and avoid anticipation.,0.14,13.32,11.83
MTRX,2026-07-20 10:03:00,14.43,14.52,14.36,14.39,515909,13.46,14.3,13.98,17.9,26,34.0,1400000,4.2,True,Earnings beat,Strong,Good,81,A,First Pullback Confirmed,13.19,12.88,13.5,13.81,2.3,Good setup; wait for confirmation and avoid anticipation.,0.14,13.32,11.83
MTRX,2026-07-20 10:04:00,14.39,14.39,14.29,14.37,407525,13.48,14.31,14.01,17.8,26,34.0,1400000,4.2,True,Earnings beat,Strong,Good,81,A,First Pullback Confirmed,13.19,12.88,13.5,13.81,2.3,Good setup; wait for confirmation and avoid anticipation.,0.14,13.32,11.83
MTRX,2026-07-20 10:05:00,14.37,14.42,14.31,14.41,634991,13.51,14.33,14.05,18.1,26,34.0,1400000,4.2,True,Earnings beat,Strong,Good,81,A,First Pullback Confirmed,13.19,12.88,13.5,13.81,2.3,Good setup; wait for confirmation and avoid anticipation.,0.14,13.32,11.83
MTRX,2026-07-20 10:06:00,14.41,14.43,14.39,14.42,442699,13.53,14.35,14.09,18.2,26,34.0,1400000,4.2,True,Earnings beat,Strong,Good,81,A,First Pullback Confirmed,13.19,12.88,13.5,13.81,2.3,Good setup; wait for confirmation and avoid anticipation.,0.14,13.32,11.83
MTRX,2026-07-20 10:07:00,14.42,14.48,14.35,14.46,436033,13.55,14.37,14.12,18.5,26,34.0,1400000,4.2,True,Earnings beat,Strong,Good,81,A,First Pullback Confirmed,13.19,12.88,13.5,13.81,2.3,Good setup; wait for confirmation and avoid anticipation.,0.14,13.32,11.83
MTRX,2026-07-20 10:08:00,14.46,14.54,14.38,14.5,441426,13.57,14.4,14.16,18.9,26,34.0,1400000,4.2,True,Earnings beat,Strong,Good,81,A,First Pullback Confirmed,13.19,12.88,13.5,13.81,2.3,Good setup; wait for confirmation and avoid anticipation.,0.14,13.32,11.83
MTRX,2026-07-20 10:09:00,14.5,14.57,14.47,14.5,393937,13.59,14.42,14.19,18.9,26,34.0,1400000,4.2,True,Earnings beat,Strong,Good,81,A,First Pullback Confirmed,13.19,12.88,13.5,13.81,2.3,Good setup; wait for confirmation and avoid anticipation.,0.14,13.32,11.83
BLZE,2026-07-20 09:30:00,3.23,3.28,3.22,3.25,635054,3.25,3.25,3.25,0.0,44,7.2,4200000,9.1,True,Strategic partnership,Medium,Fair,78,A,Extended — Wait,3.52,3.36,3.68,3.84,1.6,Borderline setup; require tighter confirmation.,0.35,3.54,3.15
BLZE,2026-07-20 09:31:00,3.25,3.27,3.24,3.26,638634,3.25,3.25,3.25,0.2,44,7.2,4200000,9.1,True,Strategic partnership,Medium,Fair,78,A,Extended — Wait,3.52,3.36,3.68,3.84,1.6,Borderline setup; require tighter confirmation.,0.35,3.54,3.15
BLZE,2026-07-20 09:32:00,3.26,3.34,3.25,3.33,840916,3.28,3.27,3.26,2.4,44,7.2,4200000,9.1,True,Strategic partnership,Medium,Fair,78,A,Extended — Wait,3.52,3.36,3.68,3.84,1.6,Borderline setup; require tighter confirmation.,0.35,3.54,3.15
BLZE,2026-07-20 09:33:00,3.33,3.38,3.31,3.36,722558,3.3,3.29,3.27,3.5,44,7.2,4200000,9.1,True,Strategic partnership,Medium,Fair,78,A,Extended — Wait,3.52,3.36,3.68,3.84,1.6,Borderline setup; require tighter confirmation.,0.35,3.54,3.15
BLZE,2026-07-20 09:34:00,3.36,3.42,3.36,3.41,714408,3.32,3.31,3.28,4.8,44,7.2,4200000,9.1,True,Strategic partnership,Medium,Fair,78,A,Extended — Wait,3.52,3.36,3.68,3.84,1.6,Borderline setup; require tighter confirmation.,0.35,3.54,3.15
BLZE,2026-07-20 09:35:00,3.41,3.46,3.39,3.45,749335,3.35,3.34,3.3,6.1,44,7.2,4200000,9.1,True,Strategic partnership,Medium,Fair,78,A,Extended — Wait,3.52,3.36,3.68,3.84,1.6,Borderline setup; require tighter confirmation.,0.35,3.54,3.15
BLZE,2026-07-20 09:36:00,3.45,3.5,3.43,3.49,548570,3.36,3.37,3.32,7.5,44,7.2,4200000,9.1,True,Strategic partnership,Medium,Fair,78,A,Extended — Wait,3.52,3.36,3.68,3.84,1.6,Borderline setup; require tighter confirmation.,0.35,3.54,3.15
BLZE,2026-07-20 09:37:00,3.49,3.54,3.48,3.54,438709,3.38,3.4,3.34,8.8,44,7.2,4200000,9.1,True,Strategic partnership,Medium,Fair,78,A,Extended — Wait,3.52,3.36,3.68,3.84,1.6,Borderline setup; require tighter confirmation.,0.35,3.54,3.15
BLZE,2026-07-20 09:38:00,3.54,3.57,3.52,3.55,290518,3.39,3.43,3.36,9.3,44,7.2,4200000,9.1,True,Strategic partnership,Medium,Fair,78,A,Extended — Wait,3.52,3.36,3.68,3.84,1.6,Borderline setup; require tighter confirmation.,0.35,3.54,3.15
BLZE,2026-07-20 09:39:00,3.55,3.56,3.5,3.51,241407,3.39,3.45,3.37,8.0,44,7.2,4200000,9.1,True,Strategic partnership,Medium,Fair,78,A,Extended — Wait,3.52,3.36,3.68,3.84,1.6,Borderline setup; require tighter confirmation.,0.35,3.54,3.15
BLZE,2026-07-20 09:40:00,3.51,3.52,3.45,3.46,305501,3.39,3.45,3.38,6.4,44,7.2,4200000,9.1,True,Strategic partnership,Medium,Fair,78,A,Extended — Wait,3.52,3.36,3.68,3.84,1.6,Borderline setup; require tighter confirmation.,0.35,3.54,3.15
BLZE,2026-07-20 09:41:00,3.46,3.46,3.4,3.42,308593,3.4,3.44,3.38,5.2,44,7.2,4200000,9.1,True,Strategic partnership,Medium,Fair,78,A,Extended — Wait,3.52,3.36,3.68,3.84,1.6,Borderline setup; require tighter confirmation.,0.35,3.54,3.15
BLZE,2026-07-20 09:42:00,3.42,3.43,3.36,3.37,333140,3.39,3.43,3.38,3.8,44,7.2,4200000,9.1,False,Strategic partnership,Medium,Fair,78,A,Extended — Wait,3.52,3.36,3.68,3.84,1.6,Borderline setup; require tighter confirmation.,0.35,3.54,3.15
BLZE,2026-07-20 09:43:00,3.37,3.42,3.36,3.41,545275,3.4,3.43,3.39,5.0,44,7.2,4200000,9.1,True,Strategic partnership,Medium,Fair,78,A,Extended — Wait,3.52,3.36,3.68,3.84,1.6,Borderline setup; require tighter confirmation.,0.35,3.54,3.15
BLZE,2026-07-20 09:44:00,3.41,3.47,3.4,3.46,452020,3.4,3.43,3.39,6.3,44,7.2,4200000,9.1,True,Strategic partnership,Medium,Fair,78,A,Extended — Wait,3.52,3.36,3.68,3.84,1.6,Borderline setup; require tighter confirmation.,0.35,3.54,3.15
BLZE,2026-07-20 09:45:00,3.46,3.48,3.44,3.47,564786,3.4,3.44,3.4,6.6,44,7.2,4200000,9.1,True,Strategic partnership,Medium,Fair,78,A,Extended — Wait,3.52,3.36,3.68,3.84,1.6,Borderline setup; require tighter confirmation.,0.35,3.54,3.15
BLZE,2026-07-20 09:46:00,3.47,3.48,3.46,3.47,575940,3.41,3.44,3.41,6.7,44,7.2,4200000,9.1,True,Strategic partnership,Medium,Fair,78,A,Extended — Wait,3.52,3.36,3.68,3.84,1.6,Borderline setup; require tighter confirmation.,0.35,3.54,3.15
BLZE,2026-07-20 09:47:00,3.47,3.51,3.45,3.49,544323,3.41,3.45,3.41,7.3,44,7.2,4200000,9.1,True,Strategic partnership,Medium,Fair,78,A,Extended — Wait,3.52,3.36,3.68,3.84,1.6,Borderline setup; require tighter confirmation.,0.35,3.54,3.15
BLZE,2026-07-20 09:48:00,3.49,3.55,3.47,3.54,504685,3.42,3.47,3.43,9.0,44,7.2,4200000,9.1,True,Strategic partnership,Medium,Fair,78,A,Extended — Wait,3.52,3.36,3.68,3.84,1.6,Borderline setup; require tighter confirmation.,0.35,3.54,3.15
BLZE,2026-07-20 09:49:00,3.54,3.55,3.5,3.52,364814,3.42,3.48,3.43,8.2,44,7.2,4200000,9.1,True,Strategic partnership,Medium,Fair,78,A,Extended — Wait,3.52,3.36,3.68,3.84,1.6,Borderline setup; require tighter confirmation.,0.35,3.54,3.15
BLZE,2026-07-20 09:50:00,3.52,3.56,3.51,3.55,652349,3.43,3.49,3.45,9.4,44,7.2,4200000,9.1,True,Strategic partnership,Medium,Fair,78,A,Extended — Wait,3.52,3.36,3.68,3.84,1.6,Borderline setup; require tighter confirmation.,0.35,3.54,3.15
BLZE,2026-07-20 09:51:00,3.55,3.57,3.54,3.56,701788,3.44,3.51,3.46,9.6,44,7.2,4200000,9.1,True,Strategic partnership,Medium,Fair,78,A,Extended — Wait,3.52,3.36,3.68,3.84,1.6,Borderline setup; require tighter confirmation.,0.35,3.54,3.15
BLZE,2026-07-20 09:52:00,3.56,3.64,3.55,3.61,494881,3.45,3.53,3.47,11.1,44,7.2,4200000,9.1,True,Strategic partnership,Medium,Fair,78,A,Extended — Wait,3.52,3.36,3.68,3.84,1.6,Borderline setup; require tighter confirmation.,0.35,3.54,3.15
BLZE,2026-07-20 09:53:00,3.61,3.62,3.59,3.59,564237,3.45,3.54,3.48,10.6,44,7.2,4200000,9.1,True,Strategic partnership,Medium,Fair,78,A,Extended — Wait,3.52,3.36,3.68,3.84,1.6,Borderline setup; require tighter confirmation.,0.35,3.54,3.15
BLZE,2026-07-20 09:54:00,3.59,3.61,3.58,3.59,623459,3.46,3.55,3.49,10.6,44,7.2,4200000,9.1,True,Strategic partnership,Medium,Fair,78,A,Extended — Wait,3.52,3.36,3.68,3.84,1.6,Borderline setup; require tighter confirmation.,0.35,3.54,3.15
BLZE,2026-07-20 09:55:00,3.59,3.6,3.56,3.57,596049,3.46,3.56,3.5,9.8,44,7.2,4200000,9.1,True,Strategic partnership,Medium,Fair,78,A,Extended — Wait,3.52,3.36,3.68,3.84,1.6,Borderline setup; require tighter confirmation.,0.35,3.54,3.15
BLZE,2026-07-20 09:56:00,3.57,3.59,3.53,3.56,561290,3.47,3.56,3.51,9.4,44,7.2,4200000,9.1,True,Strategic partnership,Medium,Fair,78,A,Extended — Wait,3.52,3.36,3.68,3.84,1.6,Borderline setup; require tighter confirmation.,0.35,3.54,3.15
BLZE,2026-07-20 09:57:00,3.56,3.6,3.54,3.59,415730,3.47,3.56,3.51,10.4,44,7.2,4200000,9.1,True,Strategic partnership,Medium,Fair,78,A,Extended — Wait,3.52,3.36,3.68,3.84,1.6,Borderline setup; require tighter confirmation.,0.35,3.54,3.15
BLZE,2026-07-20 09:58:00,3.59,3.61,3.57,3.61,514265,3.47,3.57,3.52,11.1,44,7.2,4200000,9.1,True,Strategic partnership,Medium,Fair,78,A,Extended — Wait,3.52,3.36,3.68,3.84,1.6,Borderline setup; require tighter confirmation.,0.35,3.54,3.15
BLZE,2026-07-20 09:59:00,3.61,3.63,3.61,3.61,482028,3.48,3.58,3.53,11.0,44,7.2,4200000,9.1,True,Strategic partnership,Medium,Fair,78,A,Extended — Wait,3.52,3.36,3.68,3.84,1.6,Borderline setup; require tighter confirmation.,0.35,3.54,3.15
BLZE,2026-07-20 10:00:00,3.61,3.62,3.59,3.6,285478,3.48,3.58,3.54,10.6,44,7.2,4200000,9.1,True,Strategic partnership,Medium,Fair,78,A,Extended — Wait,3.52,3.36,3.68,3.84,1.6,Borderline setup; require tighter confirmation.,0.35,3.54,3.15
BLZE,2026-07-20 10:01:00,3.6,3.61,3.54,3.56,559623,3.48,3.58,3.54,9.6,44,7.2,4200000,9.1,True,Strategic partnership,Medium,Fair,78,A,Extended — Wait,3.52,3.36,3.68,3.84,1.6,Borderline setup; require tighter confirmation.,0.35,3.54,3.15
BLZE,2026-07-20 10:02:00,3.56,3.57,3.55,3.56,598707,3.49,3.58,3.54,9.6,44,7.2,4200000,9.1,True,Strategic partnership,Medium,Fair,78,A,Extended — Wait,3.52,3.36,3.68,3.84,1.6,Borderline setup; require tighter confirmation.,0.35,3.54,3.15
BLZE,2026-07-20 10:03:00,3.56,3.57,3.55,3.57,576492,3.49,3.57,3.54,9.7,44,7.2,4200000,9.1,True,Strategic partnership,Medium,Fair,78,A,Extended — Wait,3.52,3.36,3.68,3.84,1.6,Borderline setup; require tighter confirmation.,0.35,3.54,3.15
BLZE,2026-07-20 10:04:00,3.57,3.59,3.54,3.57,638044,3.49,3.57,3.55,9.8,44,7.2,4200000,9.1,True,Strategic partnership,Medium,Fair,78,A,Extended — Wait,3.52,3.36,3.68,3.84,1.6,Borderline setup; require tighter confirmation.,0.35,3.54,3.15
BLZE,2026-07-20 10:05:00,3.57,3.59,3.55,3.57,601842,3.49,3.57,3.55,9.9,44,7.2,4200000,9.1,True,Strategic partnership,Medium,Fair,78,A,Extended — Wait,3.52,3.36,3.68,3.84,1.6,Borderline setup; require tighter confirmation.,0.35,3.54,3.15
BLZE,2026-07-20 10:06:00,3.57,3.58,3.54,3.56,614248,3.5,3.57,3.55,9.4,44,7.2,4200000,9.1,True,Strategic partnership,Medium,Fair,78,A,Extended — Wait,3.52,3.36,3.68,3.84,1.6,Borderline setup; require tighter confirmation.,0.35,3.54,3.15
BLZE,2026-07-20 10:07:00,3.56,3.59,3.54,3.56,514966,3.5,3.57,3.55,9.6,44,7.2,4200000,9.1,True,Strategic partnership,Medium,Fair,78,A,Extended — Wait,3.52,3.36,3.68,3.84,1.6,Borderline setup; require tighter confirmation.,0.35,3.54,3.15
BLZE,2026-07-20 10:08:00,3.56,3.58,3.54,3.56,516847,3.5,3.57,3.55,9.7,44,7.2,4200000,9.1,True,Strategic partnership,Medium,Fair,78,A,Extended — Wait,3.52,3.36,3.68,3.84,1.6,Borderline setup; require tighter confirmation.,0.35,3.54,3.15
BLZE,2026-07-20 10:09:00,3.56,3.62,3.56,3.6,500652,3.5,3.57,3.56,10.6,44,7.2,4200000,9.1,True,Strategic partnership,Medium,Fair,78,A,Extended — Wait,3.52,3.36,3.68,3.84,1.6,Borderline setup; require tighter confirmation.,0.35,3.54,3.15
QNTM,2026-07-20 09:30:00,16.72,16.82,16.63,16.8,636243,16.8,16.8,16.8,0.0,22,46.0,850000,3.1,True,New product launch,Medium,Good,72,B,Watching VWAP,17.95,17.55,18.35,18.75,2.1,Borderline setup; require tighter confirmation.,0.12,18.26,16.3
QNTM,2026-07-20 09:31:00,16.8,17.05,16.73,16.98,842871,16.9,16.84,16.82,1.1,22,46.0,850000,3.1,True,New product launch,Medium,Good,72,B,Watching VWAP,17.95,17.55,18.35,18.75,2.1,Borderline setup; require tighter confirmation.,0.12,18.26,16.3
QNTM,2026-07-20 09:32:00,16.98,17.32,16.9,17.26,616490,17.01,16.92,16.86,2.7,22,46.0,850000,3.1,True,New product launch,Medium,Good,72,B,Watching VWAP,17.95,17.55,18.35,18.75,2.1,Borderline setup; require tighter confirmation.,0.12,18.26,16.3
QNTM,2026-07-20 09:33:00,17.26,17.62,17.23,17.57,919765,17.18,17.05,16.93,4.6,22,46.0,850000,3.1,True,New product launch,Medium,Good,72,B,Watching VWAP,17.95,17.55,18.35,18.75,2.1,Borderline setup; require tighter confirmation.,0.12,18.26,16.3
QNTM,2026-07-20 09:34:00,17.57,17.7,17.52,17.63,697144,17.26,17.17,16.99,5.0,22,46.0,850000,3.1,True,New product launch,Medium,Good,72,B,Watching VWAP,17.95,17.55,18.35,18.75,2.1,Borderline setup; require tighter confirmation.,0.12,18.26,16.3
QNTM,2026-07-20 09:35:00,17.63,17.82,17.54,17.75,510654,17.32,17.28,17.07,5.7,22,46.0,850000,3.1,True,New product launch,Medium,Good,72,B,Watching VWAP,17.95,17.55,18.35,18.75,2.1,Borderline setup; require tighter confirmation.,0.12,18.26,16.3
QNTM,2026-07-20 09:36:00,17.75,18.04,17.7,18.0,1129845,17.47,17.43,17.16,7.1,22,46.0,850000,3.1,True,New product launch,Medium,Good,72,B,Watching VWAP,17.95,17.55,18.35,18.75,2.1,Borderline setup; require tighter confirmation.,0.12,18.26,16.3
QNTM,2026-07-20 09:37:00,18.0,18.26,17.93,18.15,856799,17.56,17.57,17.25,8.0,22,46.0,850000,3.1,True,New product launch,Medium,Good,72,B,Watching VWAP,17.95,17.55,18.35,18.75,2.1,Borderline setup; require tighter confirmation.,0.12,18.26,16.3
QNTM,2026-07-20 09:38:00,18.15,18.3,17.83,17.89,278015,17.58,17.64,17.31,6.5,22,46.0,850000,3.1,True,New product launch,Medium,Good,72,B,Watching VWAP,17.95,17.55,18.35,18.75,2.1,Borderline setup; require tighter confirmation.,0.12,18.26,16.3
QNTM,2026-07-20 09:39:00,17.89,18.01,17.8,17.89,340279,17.59,17.69,17.37,6.5,22,46.0,850000,3.1,True,New product launch,Medium,Good,72,B,Watching VWAP,17.95,17.55,18.35,18.75,2.1,Borderline setup; require tighter confirmation.,0.12,18.26,16.3
QNTM,2026-07-20 09:40:00,17.89,17.94,17.69,17.83,402575,17.6,17.71,17.41,6.1,22,46.0,850000,3.1,True,New product launch,Medium,Good,72,B,Watching VWAP,17.95,17.55,18.35,18.75,2.1,Borderline setup; require tighter confirmation.,0.12,18.26,16.3
QNTM,2026-07-20 09:41:00,17.83,17.92,17.67,17.77,178364,17.61,17.72,17.44,5.8,22,46.0,850000,3.1,True,New product launch,Medium,Good,72,B,Watching VWAP,17.95,17.55,18.35,18.75,2.1,Borderline setup; require tighter confirmation.,0.12,18.26,16.3
QNTM,2026-07-20 09:42:00,17.77,17.86,17.55,17.62,326034,17.61,17.7,17.46,4.9,22,46.0,850000,3.1,True,New product launch,Medium,Good,72,B,Watching VWAP,17.95,17.55,18.35,18.75,2.1,Borderline setup; require tighter confirmation.,0.12,18.26,16.3
QNTM,2026-07-20 09:43:00,17.62,17.95,17.56,17.86,344189,17.62,17.73,17.5,6.3,22,46.0,850000,3.1,True,New product launch,Medium,Good,72,B,Watching VWAP,17.95,17.55,18.35,18.75,2.1,Borderline setup; require tighter confirmation.,0.12,18.26,16.3
QNTM,2026-07-20 09:44:00,17.86,18.06,17.81,17.97,485659,17.64,17.78,17.54,7.0,22,46.0,850000,3.1,True,New product launch,Medium,Good,72,B,Watching VWAP,17.95,17.55,18.35,18.75,2.1,Borderline setup; require tighter confirmation.,0.12,18.26,16.3
QNTM,2026-07-20 09:45:00,17.97,18.28,17.92,18.23,279809,17.66,17.87,17.61,8.5,22,46.0,850000,3.1,True,New product launch,Medium,Good,72,B,Watching VWAP,17.95,17.55,18.35,18.75,2.1,Borderline setup; require tighter confirmation.,0.12,18.26,16.3
QNTM,2026-07-20 09:46:00,18.23,18.4,18.14,18.28,635585,17.7,17.95,17.67,8.8,22,46.0,850000,3.1,True,New product launch,Medium,Good,72,B,Watching VWAP,17.95,17.55,18.35,18.75,2.1,Borderline setup; require tighter confirmation.,0.12,18.26,16.3
QNTM,2026-07-20 09:47:00,18.28,18.49,18.21,18.34,332546,17.72,18.03,17.74,9.2,22,46.0,850000,3.1,True,New product launch,Medium,Good,72,B,Watching VWAP,17.95,17.55,18.35,18.75,2.1,Borderline setup; require tighter confirmation.,0.12,18.26,16.3
QNTM,2026-07-20 09:48:00,18.34,18.55,18.31,18.51,467805,17.76,18.13,17.81,10.2,22,46.0,850000,3.1,True,New product launch,Medium,Good,72,B,Watching VWAP,17.95,17.55,18.35,18.75,2.1,Borderline setup; require tighter confirmation.,0.12,18.26,16.3
QNTM,2026-07-20 09:49:00,18.51,18.66,18.51,18.59,555617,17.8,18.22,17.88,10.6,22,46.0,850000,3.1,True,New product launch,Medium,Good,72,B,Watching VWAP,17.95,17.55,18.35,18.75,2.1,Borderline setup; require tighter confirmation.,0.12,18.26,16.3
QNTM,2026-07-20 09:50:00,18.59,18.82,18.5,18.8,508612,17.84,18.34,17.97,11.9,22,46.0,850000,3.1,True,New product launch,Medium,Good,72,B,Watching VWAP,17.95,17.55,18.35,18.75,2.1,Borderline setup; require tighter confirmation.,0.12,18.26,16.3
QNTM,2026-07-20 09:51:00,18.8,19.04,18.73,18.98,463863,17.89,18.46,18.07,13.0,22,46.0,850000,3.1,True,New product launch,Medium,Good,72,B,Watching VWAP,17.95,17.55,18.35,18.75,2.1,Borderline setup; require tighter confirmation.,0.12,18.26,16.3
QNTM,2026-07-20 09:52:00,18.98,19.09,18.97,19.04,516918,17.94,18.58,18.16,13.3,22,46.0,850000,3.1,True,New product launch,Medium,Good,72,B,Watching VWAP,17.95,17.55,18.35,18.75,2.1,Borderline setup; require tighter confirmation.,0.12,18.26,16.3
QNTM,2026-07-20 09:53:00,19.04,19.22,18.88,19.07,657469,17.99,18.68,18.25,13.5,22,46.0,850000,3.1,True,New product launch,Medium,Good,72,B,Watching VWAP,17.95,17.55,18.35,18.75,2.1,Borderline setup; require tighter confirmation.,0.12,18.26,16.3
QNTM,2026-07-20 09:54:00,19.07,19.18,19.01,19.06,670046,18.05,18.75,18.32,13.5,22,46.0,850000,3.1,True,New product launch,Medium,Good,72,B,Watching VWAP,17.95,17.55,18.35,18.75,2.1,Borderline setup; require tighter confirmation.,0.12,18.26,16.3
QNTM,2026-07-20 09:55:00,19.06,19.26,18.99,19.19,489712,18.09,18.84,18.41,14.2,22,46.0,850000,3.1,True,New product launch,Medium,Good,72,B,Watching VWAP,17.95,17.55,18.35,18.75,2.1,Borderline setup; require tighter confirmation.,0.12,18.26,16.3
QNTM,2026-07-20 09:56:00,19.19,19.27,19.09,19.15,511286,18.12,18.9,18.48,14.0,22,46.0,850000,3.1,True,New product launch,Medium,Good,72,B,Watching VWAP,17.95,17.55,18.35,18.75,2.1,Borderline setup; require tighter confirmation.,0.12,18.26,16.3
QNTM,2026-07-20 09:57:00,19.15,19.19,19.07,19.13,757177,18.17,18.95,18.54,13.9,22,46.0,850000,3.1,True,New product launch,Medium,Good,72,B,Watching VWAP,17.95,17.55,18.35,18.75,2.1,Borderline setup; require tighter confirmation.,0.12,18.26,16.3
QNTM,2026-07-20 09:58:00,19.13,19.36,19.07,19.29,575366,18.21,19.02,18.61,14.8,22,46.0,850000,3.1,True,New product launch,Medium,Good,72,B,Watching VWAP,17.95,17.55,18.35,18.75,2.1,Borderline setup; require tighter confirmation.,0.12,18.26,16.3
QNTM,2026-07-20 09:59:00,19.29,19.66,19.26,19.56,498455,18.25,19.13,18.7,16.4,22,46.0,850000,3.1,True,New product launch,Medium,Good,72,B,Watching VWAP,17.95,17.55,18.35,18.75,2.1,Borderline setup; require tighter confirmation.,0.12,18.26,16.3
QNTM,2026-07-20 10:00:00,19.56,19.92,19.47,19.8,532683,18.3,19.26,18.81,17.9,22,46.0,850000,3.1,True,New product launch,Medium,Good,72,B,Watching VWAP,17.95,17.55,18.35,18.75,2.1,Borderline setup; require tighter confirmation.,0.12,18.26,16.3
QNTM,2026-07-20 10:01:00,19.8,19.98,19.75,19.84,528605,18.35,19.38,18.9,18.1,22,46.0,850000,3.1,True,New product launch,Medium,Good,72,B,Watching VWAP,17.95,17.55,18.35,18.75,2.1,Borderline setup; require tighter confirmation.,0.12,18.26,16.3
QNTM,2026-07-20 10:02:00,19.84,19.95,19.7,19.89,317006,18.38,19.48,19.0,18.4,22,46.0,850000,3.1,True,New product launch,Medium,Good,72,B,Watching VWAP,17.95,17.55,18.35,18.75,2.1,Borderline setup; require tighter confirmation.,0.12,18.26,16.3
QNTM,2026-07-20 10:03:00,19.89,20.14,19.83,20.09,589008,18.43,19.6,19.1,19.6,22,46.0,850000,3.1,True,New product launch,Medium,Good,72,B,Watching VWAP,17.95,17.55,18.35,18.75,2.1,Borderline setup; require tighter confirmation.,0.12,18.26,16.3
QNTM,2026-07-20 10:04:00,20.09,20.21,19.95,20.1,356300,18.46,19.7,19.2,19.7,22,46.0,850000,3.1,True,New product launch,Medium,Good,72,B,Watching VWAP,17.95,17.55,18.35,18.75,2.1,Borderline setup; require tighter confirmation.,0.12,18.26,16.3
QNTM,2026-07-20 10:05:00,20.1,20.22,19.96,20.03,450774,18.5,19.77,19.28,19.2,22,46.0,850000,3.1,True,New product launch,Medium,Good,72,B,Watching VWAP,17.95,17.55,18.35,18.75,2.1,Borderline setup; require tighter confirmation.,0.12,18.26,16.3
QNTM,2026-07-20 10:06:00,20.03,20.17,19.98,20.07,304001,18.52,19.83,19.35,19.5,22,46.0,850000,3.1,True,New product launch,Medium,Good,72,B,Watching VWAP,17.95,17.55,18.35,18.75,2.1,Borderline setup; require tighter confirmation.,0.12,18.26,16.3
QNTM,2026-07-20 10:07:00,20.07,20.22,20.05,20.15,452512,18.56,19.89,19.43,19.9,22,46.0,850000,3.1,True,New product launch,Medium,Good,72,B,Watching VWAP,17.95,17.55,18.35,18.75,2.1,Borderline setup; require tighter confirmation.,0.12,18.26,16.3
QNTM,2026-07-20 10:08:00,20.15,20.25,20.0,20.09,685037,18.61,19.93,19.49,19.6,22,46.0,850000,3.1,True,New product launch,Medium,Good,72,B,Watching VWAP,17.95,17.55,18.35,18.75,2.1,Borderline setup; require tighter confirmation.,0.12,18.26,16.3
QNTM,2026-07-20 10:09:00,20.09,20.16,19.92,19.94,441365,18.64,19.93,19.53,18.7,22,46.0,850000,3.1,True,New product launch,Medium,Good,72,B,Watching VWAP,17.95,17.55,18.35,18.75,2.1,Borderline setup; require tighter confirmation.,0.12,18.26,16.3
RISK,2026-07-20 09:30:00,6.72,6.77,6.69,6.75,603198,6.75,6.75,6.75,0.0,19,62.0,430000,1.8,True,,Weak,Poor,49,C,No Trade,7.17,7.03,7.31,7.45,1.2,Fails important filters. Practice the no-trade decision.,0.44,7.22,6.55
RISK,2026-07-20 09:31:00,6.75,6.81,6.73,6.8,434933,6.77,6.76,6.75,0.7,19,62.0,430000,1.8,True,,Weak,Poor,49,C,No Trade,7.17,7.03,7.31,7.45,1.2,Fails important filters. Practice the no-trade decision.,0.44,7.22,6.55
RISK,2026-07-20 09:32:00,6.8,6.84,6.78,6.83,772234,6.8,6.77,6.76,1.2,19,62.0,430000,1.8,True,,Weak,Poor,49,C,No Trade,7.17,7.03,7.31,7.45,1.2,Fails important filters. Practice the no-trade decision.,0.44,7.22,6.55
RISK,2026-07-20 09:33:00,6.83,6.96,6.83,6.93,680432,6.83,6.81,6.78,2.7,19,62.0,430000,1.8,True,,Weak,Poor,49,C,No Trade,7.17,7.03,7.31,7.45,1.2,Fails important filters. Practice the no-trade decision.,0.44,7.22,6.55
RISK,2026-07-20 09:34:00,6.93,7.03,6.9,6.99,738187,6.87,6.84,6.8,3.6,19,62.0,430000,1.8,True,,Weak,Poor,49,C,No Trade,7.17,7.03,7.31,7.45,1.2,Fails important filters. Practice the no-trade decision.,0.44,7.22,6.55
RISK,2026-07-20 09:35:00,6.99,7.01,6.95,7.0,663160,6.89,6.87,6.82,3.7,19,62.0,430000,1.8,True,,Weak,Poor,49,C,No Trade,7.17,7.03,7.31,7.45,1.2,Fails important filters. Practice the no-trade decision.,0.44,7.22,6.55
RISK,2026-07-20 09:36:00,7.0,7.12,6.98,7.11,967251,6.93,6.92,6.84,5.3,19,62.0,430000,1.8,True,,Weak,Poor,49,C,No Trade,7.17,7.03,7.31,7.45,1.2,Fails important filters. Practice the no-trade decision.,0.44,7.22,6.55
RISK,2026-07-20 09:37:00,7.11,7.22,7.06,7.19,678099,6.97,6.97,6.88,6.5,19,62.0,430000,1.8,True,,Weak,Poor,49,C,No Trade,7.17,7.03,7.31,7.45,1.2,Fails important filters. Practice the no-trade decision.,0.44,7.22,6.55
RISK,2026-07-20 09:38:00,7.19,7.23,7.14,7.16,290554,6.98,7.01,6.9,6.1,19,62.0,430000,1.8,True,,Weak,Poor,49,C,No Trade,7.17,7.03,7.31,7.45,1.2,Fails important filters. Practice the no-trade decision.,0.44,7.22,6.55
RISK,2026-07-20 09:39:00,7.16,7.22,7.08,7.12,269929,6.98,7.03,6.93,5.5,19,62.0,430000,1.8,True,,Weak,Poor,49,C,No Trade,7.17,7.03,7.31,7.45,1.2,Fails important filters. Practice the no-trade decision.,0.44,7.22,6.55
RISK,2026-07-20 09:40:00,7.12,7.15,7.07,7.1,372627,6.99,7.05,6.94,5.2,19,62.0,430000,1.8,True,,Weak,Poor,49,C,No Trade,7.17,7.03,7.31,7.45,1.2,Fails important filters. Practice the no-trade decision.,0.44,7.22,6.55
RISK,2026-07-20 09:41:00,7.1,7.13,7.06,7.06,283221,6.99,7.05,6.95,4.6,19,62.0,430000,1.8,True,,Weak,Poor,49,C,No Trade,7.17,7.03,7.31,7.45,1.2,Fails important filters. Practice the no-trade decision.,0.44,7.22,6.55
RISK,2026-07-20 09:42:00,7.06,7.1,7.03,7.07,379001,7.0,7.05,6.96,4.7,19,62.0,430000,1.8,True,,Weak,Poor,49,C,No Trade,7.17,7.03,7.31,7.45,1.2,Fails important filters. Practice the no-trade decision.,0.44,7.22,6.55
RISK,2026-07-20 09:43:00,7.07,7.17,7.03,7.14,405484,7.0,7.07,6.98,5.8,19,62.0,430000,1.8,True,,Weak,Poor,49,C,No Trade,7.17,7.03,7.31,7.45,1.2,Fails important filters. Practice the no-trade decision.,0.44,7.22,6.55
RISK,2026-07-20 09:44:00,7.14,7.26,7.08,7.21,600382,7.02,7.1,7.0,6.9,19,62.0,430000,1.8,True,,Weak,Poor,49,C,No Trade,7.17,7.03,7.31,7.45,1.2,Fails important filters. Practice the no-trade decision.,0.44,7.22,6.55
RISK,2026-07-20 09:45:00,7.21,7.32,7.18,7.29,705862,7.04,7.14,7.03,8.0,19,62.0,430000,1.8,True,,Weak,Poor,49,C,No Trade,7.17,7.03,7.31,7.45,1.2,Fails important filters. Practice the no-trade decision.,0.44,7.22,6.55
RISK,2026-07-20 09:46:00,7.29,7.3,7.26,7.29,567861,7.06,7.17,7.06,8.0,19,62.0,430000,1.8,True,,Weak,Poor,49,C,No Trade,7.17,7.03,7.31,7.45,1.2,Fails important filters. Practice the no-trade decision.,0.44,7.22,6.55
RISK,2026-07-20 09:47:00,7.29,7.38,7.26,7.34,551961,7.07,7.2,7.08,8.7,19,62.0,430000,1.8,True,,Weak,Poor,49,C,No Trade,7.17,7.03,7.31,7.45,1.2,Fails important filters. Practice the no-trade decision.,0.44,7.22,6.55
RISK,2026-07-20 09:48:00,7.34,7.41,7.31,7.39,506262,7.09,7.24,7.11,9.4,19,62.0,430000,1.8,True,,Weak,Poor,49,C,No Trade,7.17,7.03,7.31,7.45,1.2,Fails important filters. Practice the no-trade decision.,0.44,7.22,6.55
RISK,2026-07-20 09:49:00,7.39,7.47,7.36,7.46,611223,7.11,7.28,7.14,10.4,19,62.0,430000,1.8,True,,Weak,Poor,49,C,No Trade,7.17,7.03,7.31,7.45,1.2,Fails important filters. Practice the no-trade decision.,0.44,7.22,6.55
RISK,2026-07-20 09:50:00,7.46,7.47,7.43,7.46,589137,7.12,7.32,7.17,10.5,19,62.0,430000,1.8,True,,Weak,Poor,49,C,No Trade,7.17,7.03,7.31,7.45,1.2,Fails important filters. Practice the no-trade decision.,0.44,7.22,6.55
RISK,2026-07-20 09:51:00,7.46,7.6,7.43,7.59,409746,7.14,7.37,7.21,12.4,19,62.0,430000,1.8,True,,Weak,Poor,49,C,No Trade,7.17,7.03,7.31,7.45,1.2,Fails important filters. Practice the no-trade decision.,0.44,7.22,6.55
RISK,2026-07-20 09:52:00,7.59,7.7,7.52,7.65,730314,7.17,7.43,7.25,13.3,19,62.0,430000,1.8,True,,Weak,Poor,49,C,No Trade,7.17,7.03,7.31,7.45,1.2,Fails important filters. Practice the no-trade decision.,0.44,7.22,6.55
RISK,2026-07-20 09:53:00,7.65,7.68,7.57,7.61,532583,7.19,7.46,7.29,12.8,19,62.0,430000,1.8,True,,Weak,Poor,49,C,No Trade,7.17,7.03,7.31,7.45,1.2,Fails important filters. Practice the no-trade decision.,0.44,7.22,6.55
RISK,2026-07-20 09:54:00,7.61,7.64,7.5,7.55,382805,7.2,7.48,7.31,11.9,19,62.0,430000,1.8,True,,Weak,Poor,49,C,No Trade,7.17,7.03,7.31,7.45,1.2,Fails important filters. Practice the no-trade decision.,0.44,7.22,6.55
RISK,2026-07-20 09:55:00,7.55,7.6,7.52,7.55,666488,7.21,7.5,7.34,11.9,19,62.0,430000,1.8,True,,Weak,Poor,49,C,No Trade,7.17,7.03,7.31,7.45,1.2,Fails important filters. Practice the no-trade decision.,0.44,7.22,6.55
RISK,2026-07-20 09:56:00,7.55,7.59,7.53,7.56,548822,7.23,7.51,7.36,12.0,19,62.0,430000,1.8,True,,Weak,Poor,49,C,No Trade,7.17,7.03,7.31,7.45,1.2,Fails important filters. Practice the no-trade decision.,0.44,7.22,6.55
RISK,2026-07-20 09:57:00,7.56,7.6,7.51,7.54,570755,7.24,7.51,7.37,11.7,19,62.0,430000,1.8,True,,Weak,Poor,49,C,No Trade,7.17,7.03,7.31,7.45,1.2,Fails important filters. Practice the no-trade decision.,0.44,7.22,6.55
RISK,2026-07-20 09:58:00,7.54,7.58,7.54,7.56,613602,7.25,7.52,7.39,11.9,19,62.0,430000,1.8,True,,Weak,Poor,49,C,No Trade,7.17,7.03,7.31,7.45,1.2,Fails important filters. Practice the no-trade decision.,0.44,7.22,6.55
RISK,2026-07-20 09:59:00,7.56,7.6,7.51,7.54,527114,7.26,7.53,7.41,11.7,19,62.0,430000,1.8,True,,Weak,Poor,49,C,No Trade,7.17,7.03,7.31,7.45,1.2,Fails important filters. Practice the no-trade decision.,0.44,7.22,6.55
RISK,2026-07-20 10:00:00,7.54,7.62,7.52,7.57,446520,7.27,7.54,7.42,12.2,19,62.0,430000,1.8,True,,Weak,Poor,49,C,No Trade,7.17,7.03,7.31,7.45,1.2,Fails important filters. Practice the no-trade decision.,0.44,7.22,6.55
RISK,2026-07-20 10:01:00,7.57,7.6,7.51,7.56,375740,7.27,7.54,7.43,11.9,19,62.0,430000,1.8,True,,Weak,Poor,49,C,No Trade,7.17,7.03,7.31,7.45,1.2,Fails important filters. Practice the no-trade decision.,0.44,7.22,6.55
RISK,2026-07-20 10:02:00,7.56,7.61,7.53,7.56,405522,7.28,7.54,7.45,12.1,19,62.0,430000,1.8,True,,Weak,Poor,49,C,No Trade,7.17,7.03,7.31,7.45,1.2,Fails important filters. Practice the no-trade decision.,0.44,7.22,6.55
RISK,2026-07-20 10:03:00,7.56,7.67,7.54,7.62,384775,7.29,7.56,7.46,12.8,19,62.0,430000,1.8,True,,Weak,Poor,49,C,No Trade,7.17,7.03,7.31,7.45,1.2,Fails important filters. Practice the no-trade decision.,0.44,7.22,6.55
RISK,2026-07-20 10:04:00,7.62,7.76,7.57,7.74,643975,7.3,7.59,7.49,14.6,19,62.0,430000,1.8,True,,Weak,Poor,49,C,No Trade,7.17,7.03,7.31,7.45,1.2,Fails important filters. Practice the no-trade decision.,0.44,7.22,6.55
RISK,2026-07-20 10:05:00,7.74,7.76,7.67,7.7,594264,7.31,7.62,7.51,14.1,19,62.0,430000,1.8,True,,Weak,Poor,49,C,No Trade,7.17,7.03,7.31,7.45,1.2,Fails important filters. Practice the no-trade decision.,0.44,7.22,6.55
RISK,2026-07-20 10:06:00,7.7,7.73,7.66,7.7,516684,7.32,7.63,7.53,14.0,19,62.0,430000,1.8,True,,Weak,Poor,49,C,No Trade,7.17,7.03,7.31,7.45,1.2,Fails important filters. Practice the no-trade decision.,0.44,7.22,6.55
RISK,2026-07-20 10:07:00,7.7,7.72,7.65,7.67,526971,7.33,7.64,7.54,13.7,19,62.0,430000,1.8,True,,Weak,Poor,49,C,No Trade,7.17,7.03,7.31,7.45,1.2,Fails important filters. Practice the no-trade decision.,0.44,7.22,6.55
RISK,2026-07-20 10:08:00,7.67,7.75,7.65,7.72,475701,7.34,7.66,7.56,14.3,19,62.0,430000,1.8,True,,Weak,Poor,49,C,No Trade,7.17,7.03,7.31,7.45,1.2,Fails important filters. Practice the no-trade decision.,0.44,7.22,6.55
RISK,2026-07-20 10:09:00,7.72,7.77,7.65,7.68,612049,7.35,7.66,7.57,13.8,19,62.0,430000,1.8,True,,Weak,Poor,49,C,No Trade,7.17,7.03,7.31,7.45,1.2,Fails important filters. Practice the no-trade decision.,0.44,7.22,6.55
